"tau_i","T_i","sim_i","template_i"
4,59,3.15276669352495e-08,2
62,55,6.13617647948259e-09,1
116,141,0.71235077535261,2
256,77,0.909282157563118,1
371,81,0.96205971811311,1
451,78,0.968618298175673,1
528,75,0.973186249667938,1
602,75,0.980109056804096,1
676,76,0.977613515478421,1
751,75,0.974771762248703,1
825,77,0.976096495368406,1
901,76,0.979657840253754,1
976,76,0.97799214187344,1
1051,75,0.974383546224643,1
1125,77,0.978359654664277,1
1201,76,0.981987598810427,1
1276,76,0.981072977180912,1
1351,75,0.977613619410592,1
1425,77,0.979012781370268,1
1501,75,0.965801726831795,1
1575,77,0.975594375775108,1
1651,77,0.979497487073531,1
1727,78,0.982276138809892,1
1804,78,0.981259844370408,1
1881,78,0.975007803902385,1
1958,76,0.978274079066201,1
2033,78,0.97964130267819,1
2110,78,0.981927019856949,1
2187,76,0.973923786887334,1
2262,77,0.979260466991377,1
2338,77,0.981202761476676,1
2414,77,0.973797471539532,1
2490,77,0.978961178131361,1
2566,78,0.979624066596664,1
2643,76,0.979460910192085,1
2718,77,0.97928462521809,1
2794,77,0.980628547036199,1
2870,76,0.978059720547018,1
2945,77,0.977959199589826,1
3021,78,0.980058142450852,1
3098,76,0.970690103471202,1
3173,79,0.968507615206506,1
3251,77,0.971157568011182,1
3327,76,0.979885453971519,1
3402,75,0.977298641044734,1
3476,78,0.975928639029595,1
3553,78,0.975598123734431,1
3630,77,0.974775067626532,1
3706,77,0.976574334209532,1
3782,76,0.980367572013478,1
3857,77,0.978491608756459,1
3933,79,0.971497703546676,1
4011,76,0.976486444232806,1
4086,77,0.979136171809493,1
4162,78,0.978650269842184,1
4239,76,0.980851354003853,1
4314,77,0.982358517229599,1
4390,78,0.981878185156181,1
4467,78,0.978289223482224,1
4544,78,0.976950841965413,1
4621,80,0.980293298187686,1
4700,80,0.97826205379641,1
4779,79,0.978516507612919,1
4857,79,0.978633547055212,1
4935,76,0.981221925341181,1
5010,79,0.978803725224238,1
5088,77,0.97452434557959,1
5164,78,0.977027742285061,1
5241,78,0.979282511293144,1
5318,78,0.974442923568154,1
5395,78,0.97853223503542,1
5472,78,0.97860349021,1
5549,77,0.977201313963065,1
5625,78,0.976388684980835,1
5702,78,0.977824984727713,1
5779,79,0.978801150108631,1
5857,81,0.975684081877004,1
5937,80,0.975634296417272,1
6016,81,0.970013203341337,1
6096,79,0.975109452188704,1
6174,79,0.974122535147082,1
6252,79,0.974110954288483,1
6330,78,0.970786762487727,1
6407,78,0.98011735275955,1
6484,78,0.975420132513702,1
6561,78,0.978816039044188,1
6638,79,0.978087201124636,1
6716,80,0.975480720707435,1
6795,78,0.980026869579316,1
6872,79,0.980192116596381,1
6950,79,0.975887952146547,1
7028,79,0.982827618083026,1
7106,80,0.979624097792217,1
7185,79,0.976976113788502,1
7263,78,0.976965212845073,1
7340,79,0.975745902468949,1
7418,80,0.974115435566687,1
7497,81,0.978182536452871,1
7577,77,0.976397870100228,1
7653,80,0.97485015243236,1
7732,80,0.971537252751593,1
7811,79,0.973992789944387,1
7889,78,0.976442826595092,1
7966,76,0.973643899394653,1
8041,76,0.973872336630766,1
8116,72,0.960002358972697,1
8187,75,0.974886906058284,1
8261,75,0.968497455641373,1
8335,76,0.973962960508346,1
8410,75,0.972733746173542,1
8484,77,0.979766468272792,1
8560,78,0.975561009949374,1
8637,77,0.98235202497073,1
8713,77,0.9797304842441,1
8789,78,0.979413590205591,1
8866,77,0.974792243003606,1
8942,78,0.977747547603058,1
9019,77,0.976368272203491,1
9095,78,0.983052351874955,1
9172,78,0.973897593761113,1
9249,76,0.977894708002692,1
9324,79,0.971079416024189,1
9402,77,0.970618614461852,1
9478,75,0.961293352844828,1
9552,75,0.976166147879556,1
9626,75,0.977696984121699,1
9700,74,0.970439150928706,1
9773,73,0.970691079091257,1
9845,75,0.977936215741648,1
9919,76,0.975857835383124,1
9994,77,0.976102266455222,1
10070,73,0.969371805819769,1
10142,77,0.976201790041262,1
10218,77,0.978245164497682,1
10294,76,0.974793713997365,1
10369,77,0.974860542667261,1
10445,77,0.975610619179855,1
10521,77,0.978425311013508,1
10597,78,0.974445641889955,1
10674,78,0.976908655419132,1
10751,77,0.976843488565683,1
10827,78,0.9761826042489,1
10904,78,0.974477039386706,1
10981,77,0.977842636462223,1
11057,79,0.974356541762964,1
11135,79,0.974921356284798,1
11213,77,0.979470804094206,1
11289,78,0.972939184522181,1
11366,78,0.976419932595786,1
11443,78,0.968886383337289,1
11520,78,0.972095043871596,1
11597,78,0.979978608708859,1
11674,76,0.970457745850462,1
11749,78,0.97949281091926,1
11826,77,0.976068194867689,1
11902,77,0.97860985175516,1
11978,77,0.975383287396976,1
12054,77,0.977136511758372,1
12130,77,0.978854461227605,1
12206,76,0.973825219367978,1
12281,77,0.973235092031042,1
12357,78,0.978723570595706,1
12434,77,0.974222238642698,1
12510,76,0.977006954337486,1
12585,77,0.974069336494229,1
12661,77,0.972760038011841,1
12737,77,0.975615889650443,1
12813,76,0.977724671645286,1
12888,77,0.978032432889175,1
12964,80,0.978797649199598,1
13043,76,0.970565491047295,1
13118,77,0.977109627155684,1
13194,77,0.974752514543781,1
13270,75,0.972478520315818,1
13344,76,0.973052312403441,1
13419,76,0.974995520951427,1
13494,77,0.973926992337255,1
13570,77,0.981052485648887,1
13646,78,0.971515056441271,1
13723,78,0.976682048548693,1
13800,79,0.971030417990593,1
13878,78,0.974800647391055,1
13955,77,0.97630114552149,1
14031,80,0.979172169246164,1
14110,76,0.9753579659486,1
14185,77,0.978460220714024,1
14261,78,0.979925772063064,1
14338,79,0.975222197000014,1
14416,80,0.97680603505857,1
14495,80,0.976400745758919,1
14574,79,0.974145379613421,1
14652,80,0.976669807926082,1
14731,78,0.966074915000844,1
14808,79,0.977110647746094,1
14886,77,0.97592074079993,1
14962,77,0.970735083912645,1
15038,76,0.978535726521613,1
15113,77,0.975722569805469,1
15189,77,0.974978677248493,1
15265,76,0.975308907795176,1
15340,78,0.971748466135436,1
15417,76,0.980260404158129,1
15492,77,0.979098208761373,1
15568,77,0.977143081352124,1
15644,77,0.975757863774417,1
15720,76,0.97929829150847,1
15795,77,0.980548203446131,1
15871,77,0.977656861884838,1
15947,77,0.976056941286578,1
16023,75,0.975803050347458,1
16097,77,0.977540248704592,1
16173,77,0.97579894487015,1
16249,77,0.981813894143937,1
16325,78,0.97712443265857,1
16402,76,0.976853846850227,1
16477,78,0.97850410627102,1
16554,77,0.977783252598683,1
16630,77,0.978989167648471,1
16706,77,0.979800491021068,1
16782,77,0.980000728041509,1
16858,77,0.976584260503837,1
16934,77,0.981000418531094,1
17010,77,0.975369733818098,1
17086,77,0.97475953695347,1
17162,75,0.975330072798961,1
17236,76,0.979218070887583,1
17311,76,0.976120941909846,1
17386,76,0.976279227747738,1
17461,76,0.979883361672488,1
17536,77,0.97198604460731,1
17612,77,0.975125477376753,1
17688,76,0.974410135601186,1
17763,76,0.980405372469242,1
17838,77,0.978175762416893,1
17914,76,0.981437800629283,1
17989,76,0.974929885611832,1
18064,75,0.971329802287942,1
18138,77,0.980883886563306,1
18214,76,0.978513203666954,1
18289,75,0.974197607069173,1
18363,77,0.975649751895729,1
18439,76,0.977284643441272,1
18514,76,0.975548408861836,1
18589,77,0.977764492389402,1
18665,76,0.975153555859058,1
18740,76,0.976706118546257,1
18815,76,0.976406283630539,1
18890,78,0.981449908377889,1
18967,77,0.971261878504953,1
19043,76,0.975264998828292,1
19118,77,0.977311147148528,1
19194,76,0.976308633532027,1
19269,76,0.979757165328995,1
19344,75,0.97321649241421,1
19418,76,0.97390535008514,1
19493,76,0.976034593733583,1
19568,75,0.977419137907968,1
19642,75,0.981479554427268,1
19716,77,0.976626830241738,1
19792,76,0.976382032218192,1
19867,77,0.980929729801114,1
19943,77,0.976082708382689,1
20019,76,0.979521339600724,1
20094,76,0.974749726809559,1
20169,77,0.974276201785681,1
20245,75,0.978112166526655,1
20319,77,0.977779901577846,1
20395,76,0.981832575317446,1
20470,77,0.975846746976671,1
20546,76,0.978374028560337,1
20621,77,0.975954960058698,1
20697,77,0.979488674384646,1
20773,78,0.978199568854959,1
20850,76,0.978338331726232,1
20925,77,0.975912620089882,1
21001,78,0.980788911937184,1
21078,78,0.974518258887491,1
21155,79,0.975498148511564,1
21233,80,0.975378608906103,1
21312,82,0.972318464308383,1
21393,79,0.972285603506611,1
21471,80,0.974076551532677,1
21550,77,0.961404746366539,1
21626,78,0.965827917143915,1
21703,79,0.973894224867733,1
21781,81,0.971891331664929,1
21861,84,0.944149672988287,1
21944,80,0.975232584580317,1
22023,78,0.978594684237345,1
22100,78,0.971421627982165,1
22177,76,0.978068589911425,1
22252,77,0.977892706911219,1
22328,78,0.967278055170428,1
22405,76,0.977609241908684,1
22480,78,0.976235182836191,1
22557,77,0.971981794154834,1
22633,78,0.974656471870318,1
22710,77,0.97432267179327,1
22786,78,0.981179067879057,1
22863,77,0.98038417908873,1
22939,76,0.976757282723209,1
23014,78,0.975923156749865,1
23091,77,0.974528810991851,1
23167,78,0.981919877275227,1
23244,78,0.976002728643633,1
23321,74,0.978723676174289,1
23394,78,0.975353869233869,1
23471,78,0.957209994876082,1
23548,75,0.959355054109645,1
23622,76,0.979014528341293,1
23697,77,0.982127059795107,1
23773,76,0.977086769325445,1
23848,75,0.971888204934974,1
23922,77,0.976425906043931,1
23998,76,0.966852431729923,1
24073,77,0.977534453847504,1
24149,77,0.974884470888311,1
24225,77,0.979135764871285,1
24301,76,0.975590434959693,1
24376,78,0.981313122126348,1
24453,77,0.978732537390224,1
24529,76,0.980344837679299,1
24604,77,0.978108195881988,1
24680,77,0.976460322188935,1
24756,77,0.977445593638071,1
24832,78,0.974836883125261,1
24909,77,0.980743098199978,1
24985,79,0.974725025277078,1
25063,78,0.977209022854606,1
25140,76,0.980709562627954,1
25215,78,0.981650443073396,1
25292,78,0.981493188143279,1
25369,79,0.980507753666771,1
25447,79,0.978977315372949,1
25525,79,0.980140355476498,1
25603,77,0.978304668242784,1
25679,80,0.974427493725803,1
25758,79,0.978198249049897,1
25836,78,0.972194955179356,1
25913,77,0.979250737706031,1
25989,76,0.967119525559726,1
26064,77,0.951503195408152,1
26140,75,0.961992390044969,1
26214,78,0.976195780543289,1
26291,76,0.974926909441188,1
26366,76,0.977306554442018,1
26441,77,0.977784717833319,1
26517,76,0.979954757942025,1
26592,77,0.983541894039789,1
26668,76,0.973488021690682,1
26743,76,0.978741883092582,1
26818,75,0.977945469381283,1
26892,76,0.982366058006515,1
26967,77,0.979218348649966,1
27043,77,0.977404930486303,1
27119,78,0.977583460688313,1
27196,76,0.975925880842224,1
27271,77,0.97482270776766,1
27347,77,0.980121450451464,1
27423,75,0.974299663317733,1
27497,77,0.976840371576647,1
27573,77,0.977034035651108,1
27649,78,0.973119912390779,1
27726,72,0.970001432523663,1
27797,75,0.97758298995061,1
27871,75,0.971330916646144,1
27945,73,0.980171622968026,1
28017,78,0.979055723725604,1
28094,77,0.980256560770877,1
28170,77,0.980350048798769,1
28246,74,0.975045973649698,1
28319,75,0.977289921005994,1
28393,76,0.975334362430955,1
28468,75,0.98051200468285,1
28542,76,0.971981119572513,1
28617,71,0.965534338946789,1
28687,75,0.967793217129602,1
28761,77,0.967645140818858,1
28837,77,0.977577363237427,1
28913,75,0.976349340793063,1
28987,76,0.979919581407426,1
29062,79,0.978052955075797,1
29140,75,0.963216576394629,1
29214,80,0.966410501546355,1
29293,82,0.959518890635206,1
29374,94,0.9337856842798,1
29467,118,0.97354948522289,2
29584,124,0.977428758651909,2
29707,142,0.912507397762155,2
29848,133,0.896573184212852,2
29981,61,0.645588319893574,1
30041,52,0.805521940714004,1
30109,50,0.446493679141594,2
30300,120,0.808334251015791,1
30444,50,0.47906049073409,1
30493,141,0.889944712215668,2
30633,123,0.900247491232038,2
30803,52,0.629704131257519,1
30854,73,0.823630570800064,2
30950,72,0.825598582117626,1
31047,84,0.77317307213935,1
31138,55,0.657825633340513,1
31192,132,0.881925923147447,2
31324,106,0.936058499858278,2
31453,58,0.641460553407381,1
31510,127,0.733841567226144,1
31654,137,0.645573531388503,2
31790,92,0.858552040605882,1
31881,79,0.970249876554861,1
31959,75,0.967476030644646,1
32033,76,0.966373740776568,1
32108,74,0.976554589289777,1
32181,75,0.973900619114861,1
32255,77,0.975670996648298,1
32331,76,0.980013003061212,1
32406,76,0.97547632900489,1
32481,75,0.975869795982824,1
32555,77,0.980160444582962,1
32631,75,0.976481495670327,1
32705,74,0.968889189807178,1
32778,76,0.975256405283004,1
32853,74,0.977567773563513,1
32926,74,0.972987640384646,1
32999,73,0.973646377694219,1
33071,73,0.975566572760716,1
33143,73,0.975573779824083,1
33215,73,0.975783710494451,1
33287,73,0.975850478707348,1
33359,75,0.973072229490921,1
33433,75,0.97423134842964,1
33507,76,0.969915538607416,1
33582,76,0.966291675520949,1
33657,75,0.978112710133363,1
33731,76,0.980881450380577,1
33806,76,0.979903251204621,1
33881,77,0.974519100674618,1
33957,75,0.97145766706798,1
34031,75,0.983026940842049,1
34105,76,0.980156163237673,1
34180,76,0.979391186689224,1
34255,76,0.982219053040639,1
34330,73,0.958297811008576,1
34402,79,0.961973148739898,1
34480,74,0.980019343429555,1
34553,74,0.980967859606177,1
34626,75,0.978748390323628,1
34700,76,0.97451493985442,1
34775,77,0.968363928736379,1
34851,77,0.975950427102757,1
34927,75,0.975088067540321,1
35001,74,0.973207611143772,1
35074,77,0.980635270437398,1
35150,76,0.979982873476423,1
35225,77,0.978079447576932,1
35301,76,0.978081358982065,1
35376,78,0.975907758150113,1
35453,79,0.975103456467963,1
35531,78,0.974910725825724,1
35608,78,0.970172788505904,1
35685,78,0.978738034918839,1
35762,78,0.97808143658217,1
35839,79,0.979714089902942,1
35917,78,0.976240095017522,1
35994,78,0.983251705862845,1
36071,77,0.978078201996788,1
36147,78,0.976238418590069,1
36224,77,0.979665755628788,1
36300,79,0.980209806922684,1
36378,79,0.976312018109209,1
36456,79,0.978921730160801,1
36534,77,0.975100171733434,1
36610,78,0.975656482517833,1
36687,79,0.975863251966497,1
36765,78,0.976468140169994,1
36842,78,0.980667225895498,1
36919,78,0.977447927455137,1
36996,79,0.978651128988082,1
37074,77,0.980098911595162,1
37150,77,0.976763150177449,1
37226,77,0.975212101415854,1
37302,77,0.981031601108605,1
37378,78,0.977549446200608,1
37455,77,0.977309254035,1
37531,78,0.977634428578782,1
37608,78,0.980461157722268,1
37685,74,0.974909254651108,1
37758,77,0.978550223992608,1
37834,76,0.977880202596713,1
37909,77,0.979695213033041,1
37985,77,0.982247369066394,1
38061,78,0.978058343624823,1
38138,76,0.981567896803962,1
38213,78,0.974766501404394,1
38290,77,0.978690872995233,1
38366,77,0.975613331317233,1
38442,76,0.978018965910296,1
38517,77,0.97229124914848,1
38593,76,0.977224965401155,1
38668,76,0.975750120658894,1
38743,75,0.976213861651777,1
38817,75,0.97607392620167,1
38891,75,0.979715546224738,1
38965,75,0.977920661631487,1
39039,76,0.978378556142585,1
39114,76,0.979503666005442,1
39189,75,0.976105296162912,1
39263,75,0.977322164507428,1
39337,76,0.979029200535935,1
39412,76,0.98277700851657,1
39487,77,0.977656712773256,1
39563,77,0.980128988995509,1
39639,78,0.978151782470232,1
39716,78,0.979634755402263,1
39793,77,0.979367477203062,1
39869,79,0.980778235955366,1
39947,79,0.974348930567558,1
40025,79,0.978711850604775,1
40103,77,0.975753091525077,1
40179,78,0.980658813360256,1
40256,79,0.974569044995118,1
40334,78,0.979344897735811,1
40411,78,0.977972659928534,1
40488,82,0.9728864108935,1
40569,114,0.896635852023787,2
40687,124,0.889777977279518,2
40823,95,0.67453662779006,1
40917,63,0.901591977896112,1
41001,54,0.562354247863818,1
41073,66,0.832707050331981,1
41138,63,0.2900626527466,2
41200,111,0.695930139023527,1
41353,64,0.766022063048885,1
41416,50,0.736037564087834,1
41465,116,0.669089663802671,1
41607,77,0.792253534189875,2
41700,50,0.678401499536031,1
41797,71,0.742833562919205,1
41867,57,0.511233480797869,2
41923,56,0.872349173441711,1
41978,128,0.753675379395448,2
42105,50,0.384107945036977,1
42310,63,0.620045472319271,1
42387,70,0.679826661874906,1
42456,55,0.814292080794064,1
42534,81,0.8204993211943,2
42651,170,0.745420859428386,1
42868,53,0.784151270775454,2
42954,76,0.711216350856069,2
43029,56,0.724077330380093,2
43098,54,0.588180925913462,1
43151,56,4.44848768679657e-08,1
43218,69,1.23140783628258e-07,1
43308,99,7.00469882416152e-08,1
43431,80,8.57493476614913e-08,1
43510,75,2.330846519395e-08,2
43630,67,1.12530113339948e-07,1
43696,99,2.330846519395e-08,2
43794,50,5.00914544595939e-09,1
43843,60,1.05599483822017e-07,1
43906,109,4.44848768679657e-08,2
44014,50,1.12530113339948e-07,2
44074,110,6.19960334199387e-08,1
44183,61,2.330846519395e-08,1
44243,72,8.57493476614913e-08,1
44326,58,5.81800359553889e-08,1
44383,75,2.330846519395e-08,2
44457,52,1.05599483822017e-07,1
44508,55,2.330846519395e-08,1
44608,79,7.00469882416152e-08,2
44703,154,4.44848768679657e-08,1
44866,57,1.05599483822017e-07,1
44946,121,6.19960334199387e-08,1
45066,50,6.19960334199387e-08,2
45115,61,2.330846519395e-08,1
45209,102,5.81800359553889e-08,2
45310,90,4.44848768679657e-08,2
45399,50,5.00914544595939e-09,1
45450,67,1.05599483822017e-07,1
45516,73,4.44848768679657e-08,2
45622,65,4.44848768679657e-08,2
45701,52,1.05599483822017e-07,1
45763,54,4.44848768679657e-08,1
45816,68,2.330846519395e-08,2
45904,59,8.57493476614913e-08,1
45962,50,2.04609363636175e-08,2
46011,50,5.00914544595939e-09,1
46060,84,5.81800359553889e-08,2
46143,73,4.44848768679657e-08,1
46215,52,4.44848768679657e-08,1
46308,55,1.05599483822017e-07,1
46362,50,2.04609363636175e-08,1
46430,85,2.04609363636175e-08,2
46514,105,8.57493476614913e-08,1
46618,85,4.44848768679657e-08,1
46723,64,8.57493476614913e-08,1
46808,89,4.44848768679657e-08,2
46934,83,0.250020753084896,2
47016,65,0.757569758630429,1
47098,112,0.793996554485885,2
47209,143,0.696285564566588,1
47363,97,0.762843164147773,1
47498,78,0.758099086683119,1
47575,99,0.584968809235012,1
47693,86,0.816968644568826,2
47809,78,0.557945688977365,1
47886,69,0.862089976349441,1
47954,62,0.510552724325448,1
48051,63,0.681755648274318,2
48113,60,0.420180398857563,2
48193,70,0.581939810693429,1
48274,93,2.92914591984887e-08,1
48366,57,5.60220540901828e-08,2
48426,139,0.692789947173379,2
48564,108,0.900819149109607,2
48671,82,0.967026299045554,1
48752,78,0.97492632981986,1
48829,77,0.97856678779261,1
48905,75,0.980399984513942,1
48979,75,0.979681869143046,1
49053,73,0.975218171275018,1
49125,75,0.97714720093471,1
49199,75,0.979653575507138,1
49273,75,0.979157509425225,1
49347,73,0.974769508965121,1
49419,74,0.977549859238563,1
49492,75,0.973709988255534,1
49566,83,0.954616223400969,1
49651,71,0.90031729046785,2
49765,69,0.70771106239145,1
49849,58,0.67934737518703,1
49927,97,0.837034064817437,2
50023,53,0.108109079596808,2
50075,65,0.760624259366581,1
50139,85,0.677447390050636,1
50223,72,0.393692002362449,1
50294,68,0.904753381134872,1
50400,77,0.958011334057361,1
50476,78,0.973951819317529,1
50553,75,0.979266104410641,1
50627,75,0.97790257287651,1
50701,74,0.974224301842858,1
50774,73,0.97624388730271,1
50846,74,0.974455715397611,1
50919,75,0.97804185950569,1
50993,76,0.980537535912205,1
51068,77,0.972009206634259,1
51144,86,0.956808654729606,1
51275,83,0.703551454232787,1
51366,107,0.607578618144401,1
51484,84,0.830853785882029,2
51610,57,0.816759295654499,1
51666,122,0.702303737813461,2
51787,73,0.757980001470927,1
51869,50,0.434136354231902,1
51918,90,0.85279599654585,1
52007,77,0.971705545422762,1
52083,76,0.974933304985442,1
52158,75,0.977771292228021,1
52232,75,0.978886992681083,1
52306,76,0.980922985780016,1
52381,76,0.981507895621952,1
52456,76,0.97726949246199,1
52531,76,0.97543002963562,1
52606,75,0.979699931705024,1
52680,78,0.980439037089241,1
52757,76,0.975371523997063,1
52832,75,0.967043805394676,1
52906,76,0.973513498081407,1
52981,76,0.978202696390982,1
53056,75,0.974035801374091,1
53130,76,0.976503518348116,1
53205,77,0.976083799959463,1
53281,77,0.974558506564836,1
53357,77,0.978523157239363,1
53433,76,0.973669118309918,1
53508,77,0.981876580257373,1
53584,75,0.973820813356551,1
53658,77,0.981395348604807,1
53734,76,0.973295999353176,1
53809,77,0.977996983143931,1
53885,76,0.97505943420718,1
53960,76,0.980972303866366,1
54035,77,0.980196155959247,1
54111,77,0.974456170168851,1
54187,77,0.976212558896734,1
54263,74,0.973238717140154,1
54336,76,0.97300392837677,1
54411,77,0.97840179618122,1
54487,77,0.978461412836631,1
54563,78,0.978792989523501,1
54640,77,0.977144107784689,1
54716,78,0.979363336010045,1
54793,79,0.976310510887368,1
54871,77,0.980452699595999,1
54947,79,0.975544496374003,1
55025,80,0.970492156886434,1
55104,80,0.975576334397072,1
55183,78,0.972985934829756,1
55260,79,0.974409658048071,1
55338,81,0.975641997288809,1
55418,76,0.974322204345163,1
55493,78,0.972963901652602,1
55570,79,0.976419190953146,1
55648,80,0.972450242421955,1
55727,79,0.977736690971345,1
55805,81,0.97767707126267,1
55885,78,0.974665317574358,1
55962,78,0.972401062332658,1
56039,79,0.973835455352045,1
56117,79,0.976774630008272,1
56195,78,0.97605118561034,1
56272,78,0.975136200853103,1
56349,80,0.976082192397415,1
56428,79,0.97388122033356,1
56506,80,0.976511897628151,1
56585,79,0.97675467102454,1
56663,78,0.972157021974363,1
56740,78,0.977023977990302,1
56817,79,0.975849712539821,1
56895,79,0.97580695911069,1
56973,76,0.976375290983514,1
57048,76,0.982006165055795,1
57123,77,0.977683934937109,1
57199,77,0.968099045056654,1
57275,78,0.973606546144732,1
57352,78,0.969818805349054,1
57429,78,0.975402434779418,1
57506,80,0.977428928208189,1
57585,79,0.973927077665377,1
57663,80,0.976231967500974,1
57742,79,0.975071676014428,1
57820,79,0.973300176468277,1
57898,77,0.979189405683144,1
57974,78,0.971948431937635,1
58051,79,0.979177144619505,1
58129,79,0.975772531794857,1
58207,79,0.978117607470484,1
58285,79,0.978923698758596,1
58363,79,0.975141773120575,1
58441,79,0.979423104044075,1
58519,77,0.970712650312162,1
58595,77,0.973314209094122,1
58671,78,0.975514106056042,1
58748,79,0.974668430984198,1
58826,80,0.97527451410515,1
58905,79,0.973271825719534,1
58983,79,0.977194985321021,1
59061,78,0.97887770363056,1
59138,79,0.975749201149198,1
59216,78,0.977484715454871,1
59293,79,0.973532089792124,1
59371,79,0.975966192543906,1
59449,79,0.977914487026246,1
59527,80,0.973222701394368,1
59606,78,0.973571779643607,1
59683,79,0.974019883475091,1
59761,78,0.97383152926878,1
59838,80,0.977311752717631,1
59917,79,0.975219640213295,1
59995,79,0.975646668324851,1
60073,78,0.969576649103012,1
60150,78,0.970670550987522,1
60227,77,0.971902605288762,1
60303,78,0.973256130331897,1
60380,77,0.970800478992284,1
60456,78,0.972838041772263,1
60533,79,0.973854923236105,1
60611,79,0.972280005731344,1
60689,80,0.972153487005516,1
60768,79,0.970157024695245,1
60846,79,0.97438232586402,1
60924,79,0.977314029108146,1
61002,78,0.973242442094354,1
61079,78,0.969182348082313,1
61156,79,0.975595750959728,1
61234,77,0.974476724530647,1
61310,77,0.978622440080794,1
61386,78,0.973715190286492,1
61463,77,0.973691455052878,1
61539,78,0.977854850921648,1
61616,77,0.975705917111773,1
61692,78,0.97580275412189,1
61769,79,0.976737260264666,1
61847,79,0.975305467325048,1
61925,78,0.970696015940901,1
62002,79,0.9746984664104,1
62080,79,0.974908627303012,1
62158,80,0.967880833112631,1
62237,80,0.976276470221059,1
62316,78,0.970450634774736,1
62393,79,0.977671529916347,1
62471,79,0.974326719491114,1
62549,78,0.975439911348699,1
62626,80,0.974500083836421,1
62705,78,0.971715992697352,1
62782,80,0.97631051514519,1
62861,79,0.977706116365204,1
62939,79,0.971721719489371,1
63017,79,0.975569761720113,1
63095,80,0.976293465967338,1
63174,79,0.97449644692754,1
63252,80,0.968501534158438,1
63331,80,0.975232464708448,1
63410,78,0.972536774040681,1
63487,79,0.977298027128199,1
63565,79,0.974026436651927,1
63643,78,0.974575829699503,1
63720,79,0.970821539681942,1
63798,79,0.973913909746086,1
63876,79,0.97629759516755,1
63954,80,0.980133871228826,1
64033,80,0.974035325958178,1
64112,79,0.973506071894561,1
64190,78,0.972607533978466,1
64267,79,0.967311009214152,1
64345,80,0.976209154695598,1
64424,77,0.973805153412678,1
64500,78,0.971838136578471,1
64577,79,0.978664074908404,1
64655,80,0.9751141322088,1
64734,80,0.973046217401663,1
64813,80,0.974850806953126,1
64892,80,0.975691607815848,1
64971,81,0.977622109709038,1
65051,79,0.976675221263255,1
65129,79,0.978321072709314,1
65207,80,0.977521497906623,1
65286,79,0.976127256441241,1
65364,78,0.975345727299594,1
65441,78,0.974250989782645,1
65518,78,0.976072872928923,1
65595,80,0.976424910386998,1
65674,77,0.976232512640829,1
65750,78,0.977366010268426,1
65827,78,0.974522837658409,1
65904,77,0.973422173558859,1
65980,79,0.976492994642902,1
66058,78,0.978998202316822,1
66135,78,0.970870604266529,1
66212,79,0.972285332710818,1
66290,77,0.974605108902835,1
66366,78,0.973032727199177,1
66443,78,0.976642926532503,1
66520,78,0.9711194291224,1
66597,80,0.977498923211537,1
66676,80,0.974177712884371,1
66755,78,0.969232687346771,1
66832,78,0.974815972933744,1
66909,77,0.975133143702365,1
66985,79,0.977539558310154,1
67063,79,0.977896862261252,1
67141,79,0.979654881385017,1
67219,82,0.972814261540523,1
67300,81,0.975203275815813,1
67380,81,0.975629313989234,1
67460,80,0.969637649944333,1
67539,79,0.971407500595252,1
67617,80,0.978962051589065,1
67696,81,0.976274119113955,1
67776,77,0.96834091619227,1
67852,79,0.966560925435752,1
67930,76,0.970152691911707,1
68005,78,0.968960437274774,1
68082,78,0.976301319067816,1
68159,78,0.976020002682594,1
68236,79,0.973400805882771,1
68314,78,0.974817453431234,1
68391,78,0.976193969002979,1
68468,77,0.972902288496458,1
68544,79,0.969825430042086,1
68622,76,0.96961275996594,1
68697,79,0.977504878992293,1
68775,79,0.974157718918649,1
68853,78,0.971880140963937,1
68930,79,0.972368974042363,1
69008,78,0.97518130192034,1
69085,76,0.97339232664176,1
69160,76,0.95629369970189,1
69235,76,0.97102503022394,1
69310,75,0.972673244399782,1
69384,77,0.968019658665565,1
69460,77,0.974605066935511,1
69536,77,0.970408491449662,1
69612,78,0.967013783037033,1
69689,77,0.972896183426241,1
69765,78,0.972795187576519,1
69842,76,0.973171535641294,1
69917,78,0.97609636067797,1
69994,76,0.974072416216027,1
70069,78,0.97631605046891,1
70146,77,0.975111310218573,1
70222,77,0.975089864553695,1
70298,78,0.978081447917614,1
70375,78,0.979487854885386,1
70452,79,0.976461792506109,1
70530,80,0.972793224547206,1
70609,78,0.980418259668309,1
70686,78,0.978731851650676,1
70763,78,0.973272185089878,1
70840,77,0.978810511469794,1
70916,79,0.972717024090924,1
70994,79,0.977586831848541,1
71072,79,0.978735114468676,1
71150,77,0.973145428444461,1
71226,77,0.972486171500915,1
71302,77,0.978226088814729,1
71378,78,0.973829081461473,1
71455,78,0.973552614138537,1
71532,78,0.976750855062285,1
71609,79,0.974940265502556,1
71687,77,0.974623411634514,1
71763,79,0.980238576253913,1
71841,78,0.977241026125032,1
71918,78,0.977098193028366,1
71995,78,0.978434346991531,1
72072,79,0.977291304685738,1
72150,80,0.979058869325981,1
72229,79,0.975421883501513,1
72307,78,0.973986113154245,1
72384,75,0.976329344434231,1
72458,78,0.973786666578993,1
72535,77,0.979594175399438,1
72611,79,0.976281155571709,1
72689,80,0.977688310568134,1
72768,79,0.973548645932956,1
72846,79,0.978347295257242,1
72924,80,0.973386543285701,1
73003,78,0.973299889638868,1
73080,77,0.976859385083873,1
73156,79,0.979017246143407,1
73234,81,0.971993986855278,1
73314,82,0.90876454742432,1
73395,80,0.975103370438879,1
73474,80,0.977207744936985,1
73553,79,0.975706878561167,1
73631,79,0.977158782929936,1
73709,78,0.97399041912612,1
73786,78,0.975495080205082,1
73863,79,0.981331919910423,1
73941,79,0.976731430491993,1
74019,82,0.977204160710752,1
74100,80,0.977494657487983,1
74179,87,0.98152179986143,1
74265,109,0.965537487993054,2
74373,124,0.974112068983199,2
74496,127,0.978937134377856,2
74622,131,0.978150196861283,2
74752,133,0.966875081282904,2
74884,132,0.974652005144078,2
75015,134,0.97755879598866,2
75148,130,0.94348594942214,2
75277,138,0.972921878151717,2
75414,139,0.944883007750705,2
75552,124,0.967571751249478,2
75675,131,0.901106406826397,2
75807,120,0.920469213759549,2
75926,148,0.94454570095582,1
76114,112,0.955116020013751,2
76225,113,0.967357864047783,2
76337,118,0.973618162187127,2
76454,124,0.976335558470588,2
76577,123,0.967722511889782,2
76699,117,0.968335009280595,2
76815,121,0.976225323160034,2
76935,129,0.962386703438034,2
77063,126,0.789066103436854,2
77236,50,0.793676057457827,1
77316,82,0.794377886297151,1
77397,93,0.732466440184858,1
77536,64,0.890541333874085,1
77599,54,0.367260732754002,1
77652,87,0.754908345399282,1
77785,52,0.710682990553449,1
77836,59,0.539090937627222,1
77894,61,0.779792001488597,1
77954,55,0.609858623071428,2
78008,66,0.758668804709244,1
78083,58,0.516592331396534,2
78140,67,0.721072189114277,2
78206,178,4.86906416697641e-08,1
78394,51,8.17824473283142e-08,1
78444,60,7.42921423825318e-08,1
78503,101,4.86906416697641e-08,2
78603,92,8.17824473283142e-08,1
78705,99,3.12271199121365e-08,2
78823,142,0.723241512740585,2
78964,115,0.909587477032361,2
79078,130,0.975588933696407,2
79207,125,0.978052277134952,2
79331,119,0.954481629001556,2
79449,117,0.968042532751261,2
79565,114,0.968124860123257,2
79678,122,0.977313297666258,2
79799,120,0.970143317316466,2
79918,129,0.967186589894294,2
80046,146,0.960965540759776,2
80202,57,0.666212840662371,1
80279,86,0.77070637445581,1
80364,57,0.790191117820432,1
80441,60,0.540680740241335,2
80500,64,0.80296639656391,1
80576,68,0.696756247984848,1
80664,82,0.59439591476097,1
80747,74,0.790587316962261,1
80820,60,0.756642972491048,1
80906,72,0.681509203032193,1
80994,57,0.820327688382964,1
81051,96,0.719235585792486,2
81146,50,0.214669719951271,2
81195,60,0.58362836526768,1
81280,103,8.17824473283142e-08,2
81429,95,8.17824473283142e-08,1
81523,96,4.86906416697641e-08,1
81618,51,3.12271199121365e-08,1
81696,51,1.06804135603663e-07,1
81782,62,3.12271199121365e-08,2
81843,87,6.76659575924761e-08,2
81929,75,4.86906416697641e-08,1
82003,84,6.76659575924761e-08,1
82086,121,4.86906416697641e-08,1
82226,78,4.4723925268309e-08,2
82303,127,9.58529269717805e-08,1
82429,74,1.60474492912223e-08,1
82502,59,6.76659575924761e-08,2
82560,59,4.4723925268309e-08,1
82618,69,4.4723925268309e-08,1
82729,56,8.17824473283142e-08,1
82784,104,4.4723925268309e-08,2
82925,76,1.25034599701949e-07,1
83000,74,4.4723925268309e-08,1
83086,81,8.17824473283142e-08,2
83166,98,4.4723925268309e-08,1
83306,57,7.42921423825318e-08,2
83383,114,3.12271199121365e-08,1
83526,57,7.42921423825318e-08,2
83586,58,3.12271199121365e-08,2
83643,77,4.4723925268309e-08,1
83719,178,6.76659575924761e-08,1
83903,52,1.24746274491785e-08,1
83954,61,1.25034599701949e-07,1
84102,77,3.12271199121365e-08,1
84178,105,1.13258900854075e-07,1
84318,65,3.86627122903771e-08,2
84382,101,9.62949468045447e-08,1
84482,52,4.79899784241076e-09,1
84537,98,9.62949468045447e-08,2
84634,53,2.62339182760966e-08,2
84722,87,3.86627122903771e-08,1
84808,80,9.62949468045447e-08,1
84887,56,3.15512448926741e-10,2
84942,101,9.23258015807698e-08,2
85064,91,2.62339182760966e-08,2
85162,147,0.691274837022823,2
85308,128,0.954560569775853,2
85435,114,0.928352823066407,2
85548,120,0.941899935463586,2
85667,123,0.90164071756903,2
85789,116,0.928724751642403,2
85904,81,0.953750531421399,1
85984,77,0.974534181659729,1
86060,80,0.972308363500343,1
86139,77,0.973300918716786,1
86215,77,0.980624279922947,1
86291,80,0.975664744857827,1
86370,79,0.972449793994357,1
86448,79,0.972316074252997,1
86526,78,0.963907740885224,1
86603,76,0.972701806267105,1
86678,76,0.970054044989282,1
86753,77,0.978402748528093,1
86829,79,0.958364980228988,1
86907,78,0.964414023456778,1
86984,86,0.941808860579665,1
87069,80,0.963067835112497,1
87148,80,0.964069906080877,1
87227,75,0.962098323432353,1
87301,76,0.967998314888807,1
87376,76,0.973262370763753,1
87451,75,0.958865162044862,1
87525,75,0.970632266393486,1
87599,74,0.971479710211023,1
87672,71,0.968489091165032,1
87742,71,0.964680706767798,1
87812,72,0.965126784391406,1
87883,71,0.963105188166533,1
87953,72,0.972378604184735,1
88024,72,0.967324538376757,1
88095,72,0.977259546697982,1
88166,71,0.971920620531427,1
88236,73,0.965216904934114,1
88308,72,0.962467881336756,1
88379,71,0.96591490086366,1
88449,70,0.951515878538284,1
88518,69,0.935580326410393,1
88586,68,0.950149695126217,1
88653,68,0.953128493818916,1
88720,69,0.962849669644648,1
88788,68,0.966028711326098,1
88855,71,0.97282353169503,1
88925,70,0.970425006101687,1
88994,72,0.974075201621238,1
89065,72,0.976585659859686,1
89136,75,0.98182310254383,1
89210,73,0.980033863709948,1
89282,74,0.975200989206203,1
89355,76,0.97668057022154,1
89430,73,0.97498252957758,1
89502,74,0.972212475056494,1
89575,72,0.977004034202759,1
89646,74,0.977980452656268,1
89719,75,0.975428276193962,1
89793,74,0.975963176992292,1
89866,73,0.979612286470224,1
89938,73,0.969228515278627,1
90010,73,0.979295719798797,1
90082,73,0.976607093330849,1
90154,75,0.977516110306569,1
90228,76,0.974742806328702,1
90303,75,0.976871642025072,1
90377,75,0.975889700724355,1
90451,76,0.979868337239258,1
90526,75,0.976501401595748,1
90600,75,0.977047637254949,1
90674,76,0.978969052461112,1
90749,75,0.972354290958352,1
90823,75,0.97747505671294,1
90897,74,0.977080049649016,1
90970,75,0.97440604413929,1
91044,73,0.974914352193506,1
91116,73,0.979032869040942,1
91188,76,0.980454517667738,1
91263,74,0.975826147398979,1
91336,75,0.976242754975629,1
91410,74,0.978679610052179,1
91483,77,0.981375169558216,1
91559,76,0.979879471820603,1
91634,77,0.975871963048662,1
91710,76,0.973721715706605,1
91785,77,0.976691905965958,1
91861,79,0.973370947073365,1
91939,80,0.971334096669891,1
92018,82,0.976190140561675,1
92099,80,0.973493137849687,1
92178,78,0.980509163664939,1
92255,76,0.97394470978959,1
92330,78,0.974741479234688,1
92407,76,0.975945513385584,1
92482,78,0.9769298950659,1
92559,77,0.974341043419447,1
92635,77,0.974657280473496,1
92711,76,0.975656614297579,1
92786,78,0.98074743016536,1
92863,78,0.980258540005727,1
92940,78,0.975600485716515,1
93017,77,0.980038626235274,1
93093,76,0.975808245379292,1
93168,77,0.975802088026909,1
93244,77,0.975367838801092,1
93320,76,0.973632124029483,1
93395,77,0.975505149351479,1
93471,76,0.978868512463741,1
93546,77,0.977582040029179,1
93622,74,0.977892247713061,1
93695,77,0.960188468594237,1
93771,79,0.94497093431496,1
93849,79,0.976823299900274,1
93927,76,0.96932820346104,1
94002,76,0.977757752603704,1
94077,77,0.980681005816277,1
94153,76,0.980204843342464,1
94228,78,0.972160741992568,1
94305,76,0.979391176103237,1
94380,77,0.973187421769833,1
94456,78,0.981739056621361,1
94533,77,0.981850743104128,1
94609,78,0.980563956097441,1
94686,76,0.96201702252976,1
94761,75,0.976140411244234,1
94835,75,0.98110754589921,1
94909,79,0.963279160865259,1
94987,79,0.970413888792335,1
95065,79,0.967879316451504,1
95143,76,0.977732572567156,1
95218,76,0.972276644851536,1
95293,78,0.976213525315751,1
95370,77,0.970789160552926,1
95446,76,0.979384983967727,1
95521,75,0.978671466595814,1
95595,77,0.977685001483469,1
95671,77,0.978605401342679,1
95747,77,0.976595186788963,1
95823,77,0.979726189782533,1
95899,76,0.973301178922989,1
95974,76,0.975636331995124,1
96049,76,0.973784723971771,1
96124,77,0.977406796027461,1
96200,75,0.974800624024416,1
96274,75,0.974815684355471,1
96348,75,0.976132953014046,1
96422,75,0.975429294582441,1
96496,77,0.973263043247181,1
96572,78,0.974996256720721,1
96649,77,0.979402754637289,1
96725,77,0.974795595120031,1
96801,78,0.970959181724523,1
96878,81,0.965431619360816,1
96958,88,0.954594146121146,1
97045,119,0.971427984335029,2
97163,131,0.976265015105127,2
97293,127,0.967482255657203,2
97419,139,0.980406941893178,2
97562,95,0.906900740021503,1
97702,67,0.914292761701209,1
97768,58,0.554086745675778,1
97825,60,0.912562437276889,1
97884,61,0.860711007345868,1
97944,72,0.764157658296343,1
98015,110,0.742053124469759,2
98124,78,0.723793109496268,2
98216,67,0.617932830239309,1
98322,63,0.774022969810772,1
98384,65,0.613633041388681,1
98448,57,0.887764904517079,2
98538,52,0.783460490037896,1
98609,56,0.509017712783963,1
98674,58,0.710844757996564,1
98759,57,0.421893965376617,1
98815,53,0.828620485333665,1
98867,59,0.70526004081916,2
98925,62,0.887908920604494,1
98986,73,0.894792524399155,1
99085,64,0.823325332573237,1
99161,132,0.734971877287092,1
99327,81,0.853204267052127,1
99407,70,0.592719094890997,1
99493,70,0.586071639666093,1
99563,68,2.16590997118606e-08,1
99663,64,1.03456260476095e-07,2
99753,70,3.96983133773057e-08,2
99862,82,7.08408779741124e-08,1
99943,61,3.96983133773057e-08,1
100003,62,1.66175083942464e-08,1
100066,64,7.02791189490101e-08,2
100130,72,3.96983133773057e-08,1
100211,72,3.96983133773057e-08,1
100282,67,1.10664884709495e-07,2
100348,57,3.55863600468448e-08,2
100404,83,2.16590997118606e-08,2
100506,99,1.03456260476095e-07,1
100604,62,1.66175083942464e-08,2
100682,78,9.49251717452806e-08,2
100759,64,0.633007109432688,1
100842,119,0.697537853648274,2
100960,109,0.965816709742078,2
101068,87,0.787770956459851,1
101162,180,0.843398495242369,2
101387,104,0.933916081759869,2
101490,84,0.953832903425801,1
101573,78,0.96997193605137,1
101650,78,0.972048781855074,1
101727,77,0.967877451179393,1
101803,74,0.971601951698407,1
101876,76,0.971703260883612,1
101951,75,0.961707180855768,1
102025,76,0.974908645105719,1
102100,75,0.978460375022425,1
102174,74,0.977371738728705,1
102247,74,0.983135835055922,1
102320,76,0.981727690246645,1
102395,75,0.981039149681502,1
102469,76,0.980054286314869,1
102544,74,0.979761296213134,1
102617,75,0.984570961473721,1
102691,74,0.982759364430115,1
102764,75,0.978378706433394,1
102838,75,0.981476550308856,1
102912,75,0.98088222586428,1
102986,76,0.981109417597413,1
103061,76,0.98384945601545,1
103136,74,0.970224576235437,1
103209,77,0.977042096975496,1
103285,75,0.974217180332361,1
103359,76,0.981037038984624,1
103434,76,0.977378747723993,1
103509,76,0.984970941307,1
103584,76,0.982728720677974,1
103659,74,0.974603608745865,1
103732,75,0.975455069745618,1
103806,76,0.975047139311288,1
103881,76,0.977293127705397,1
103956,76,0.974138081353428,1
104031,76,0.982389144122926,1
104106,77,0.980500717131176,1
104182,76,0.983612422949686,1
104257,79,0.982583952628865,1
104335,78,0.983434324976739,1
104412,77,0.978468320894235,1
104488,76,0.977823936581487,1
104563,75,0.976651785394524,1
104637,75,0.977772509840437,1
104711,76,0.978096342791575,1
104786,77,0.967450352787097,1
104862,79,0.981235495834604,1
104940,75,0.984399863628001,1
105014,77,0.973790586160455,1
105090,79,0.926285119516419,1
105168,78,0.962765831286205,1
105245,78,0.976904349571943,1
105322,82,0.973687343481877,1
105403,80,0.967112193333244,1
105482,80,0.973756008566813,1
105561,80,0.975728903967057,1
105640,79,0.977937045767044,1
105718,79,0.980031382913932,1
105796,78,0.972785307834344,1
105873,77,0.982617997764872,1
105949,78,0.984939732219664,1
106026,76,0.982877004835931,1
106101,76,0.975599834698126,1
106176,75,0.981292784759114,1
106250,76,0.979771635767685,1
106325,81,0.971511769542837,1
106405,77,0.976344954764548,1
106481,79,0.976210506848374,1
106559,79,0.972716846978164,1
106637,79,0.981323160260578,1
106715,80,0.969714884499767,1
106794,80,0.97919943978829,1
106873,80,0.978370566775152,1
106952,79,0.979254837590073,1
107030,79,0.973781709042924,1
107108,78,0.977719527129619,1
107185,78,0.980870527169265,1
107262,78,0.978154305732078,1
107339,78,0.976095059679407,1
107416,80,0.980852720490726,1
107495,80,0.973975289825252,1
107574,81,0.974928917650389,1
107654,80,0.975872300444193,1
107733,79,0.973794623334997,1
107811,78,0.978211672221774,1
107888,79,0.979412210778842,1
107966,77,0.975607483625765,1
108042,78,0.973193748124644,1
108119,80,0.97225082736283,1
108198,76,0.977963313193073,1
108273,78,0.980574836409951,1
108350,78,0.975826017443814,1
108427,78,0.970485414662698,1
108504,80,0.973190678074389,1
108583,76,0.969061955789329,1
108658,79,0.972270093169395,1
108736,81,0.974098166393741,1
108816,81,0.975209997013249,1
108896,78,0.969423473225186,1
108973,80,0.978053376805635,1
109052,78,0.973318593371896,1
109129,78,0.97766605469089,1
109206,77,0.979503476126867,1
109282,79,0.97281737449111,1
109360,78,0.976081962564853,1
109437,78,0.97973576393224,1
109514,78,0.974099154169906,1
109591,78,0.978301895703126,1
109668,77,0.980283745125578,1
109744,77,0.980115426826976,1
109820,79,0.977725860776134,1
109898,79,0.975919580103786,1
109976,81,0.970830435361446,1
110056,79,0.968552981581695,1
110134,81,0.973009205008321,1
110214,82,0.964198125762382,1
110295,78,0.961313454519962,1
110372,78,0.969965593224314,1
110449,79,0.970187497481049,1
110527,78,0.977702083353354,1
110604,79,0.967172898082836,1
110682,80,0.972698279505535,1
110761,80,0.97228428469037,1
110840,80,0.97056177021896,1
110919,80,0.973042033138055,1
110998,79,0.973917094269318,1
111076,79,0.975435485235767,1
111154,79,0.975706673468791,1
111232,80,0.972523734064095,1
111311,78,0.965311710829894,1
111388,79,0.971736291456791,1
111466,79,0.96676638264973,1
111544,78,0.973709166721089,1
111621,78,0.97766858833863,1
111698,80,0.976597927310321,1
111777,79,0.971588919415935,1
111855,79,0.967069103712077,1
111933,83,0.975710565598384,1
112015,80,0.968090947289387,1
112094,79,0.974245439247728,1
112172,78,0.975288845411196,1
112249,79,0.98260564373466,1
112327,80,0.975990265104561,1
112406,78,0.974401459873106,1
112483,80,0.972240055722245,1
112562,77,0.968282117599418,1
112638,78,0.978131922358569,1
112715,76,0.980813037421593,1
112790,78,0.974498523773217,1
112867,81,0.975177648264102,1
112947,80,0.975024684814043,1
113026,80,0.976148293744601,1
113105,80,0.975084430025745,1
113184,79,0.968381732739609,1
113262,78,0.970685982198987,1
113339,78,0.969781101607198,1
113416,80,0.981115855722721,1
113495,78,0.977395232071973,1
113572,79,0.974856188281211,1
113650,81,0.978707714393244,1
113730,81,0.975383689517111,1
113810,79,0.976264646599121,1
113888,82,0.976960925933238,1
113969,79,0.970606133394963,1
114047,82,0.974241733443816,1
114128,83,0.970279859544099,1
114210,83,0.97718703356893,1
114292,82,0.971548779924694,1
114373,80,0.978296719023643,1
114452,80,0.974090192196912,1
114531,78,0.978585274432719,1
114608,78,0.976986598644059,1
114685,78,0.976510841124027,1
114762,78,0.980777947710829,1
114839,79,0.976728854574462,1
114917,77,0.977074890221164,1
114993,76,0.981373814907945,1
115068,77,0.977611575647844,1
115144,79,0.976114627718965,1
115222,79,0.97673769131205,1
115300,79,0.982241448477252,1
115378,78,0.978858271555306,1
115455,78,0.98130797019924,1
115532,78,0.984481467267244,1
115609,79,0.976759567263303,1
115687,78,0.973683226386576,1
115764,77,0.977710004555249,1
115840,79,0.976328215681494,1
115918,80,0.97402750336887,1
115997,76,0.969131512366548,1
116072,72,0.965751575234738,1
116143,75,0.978855427060824,1
116217,76,0.979851629529761,1
116292,77,0.983583116420421,1
116368,79,0.970006327304794,1
116446,80,0.980679251987056,1
116525,81,0.978694589091403,1
116605,79,0.981165512077124,1
116683,79,0.981355244882836,1
116761,76,0.97660670157428,1
116836,77,0.976882547437483,1
116912,77,0.975536410903096,1
116988,77,0.983982958761347,1
117064,76,0.981227945876915,1
117139,77,0.977769623886762,1
117215,76,0.981772431722673,1
117290,79,0.979296638186204,1
117368,80,0.9700405032579,1
117447,80,0.972952293439496,1
117526,81,0.972252084118215,1
117606,79,0.977300258320432,1
117684,78,0.974365209365659,1
117761,79,0.976797837374477,1
117839,78,0.980367879996997,1
117916,80,0.980214644609086,1
117995,81,0.969496958979876,1
118075,79,0.974543758078567,1
118153,79,0.976854848415258,1
118231,78,0.982402261455592,1
118308,78,0.97766831548305,1
118385,77,0.973264950765846,1
118461,77,0.976346958327995,1
118537,79,0.974808865148284,1
118615,79,0.980221369879063,1
118693,77,0.980413302704623,1
118769,78,0.982223698184163,1
118846,81,0.976932702306492,1
118926,80,0.978159721484536,1
119005,82,0.970326185779146,1
119086,89,0.960798761386496,1
119174,104,0.947554969570699,2
119277,135,0.954299464091408,2
119419,50,0.611392512099299,1
119494,53,0.777025640254327,1
119546,76,0.413490556776227,2
119621,105,0.781637890813957,2
119725,78,0.668996435569785,1
119802,51,0.84314703547263,1
119874,96,0.817123091089898,1
119990,50,0.714860642693866,1
120081,53,0.804791357055157,1
120133,63,0.848471801030676,1
120217,84,0.801652866502406,1
120300,51,0.761007531777338,1
120396,121,0.74343904664848,2
120516,68,3.91846286072688e-08,1
120585,149,0.412572810903531,2
120733,52,0.609902228744347,1
120814,58,0.799043624288548,1
120871,62,0.45764979497476,2
120932,59,0.696143611522241,1
120990,50,0.702642218569108,1
121039,61,0.815394329118578,2
121099,142,0.767264737467317,1
121280,74,0.742464094034659,1
121353,59,0.754731120057492,1
121411,54,0.48744618691895,1
121464,58,0.766494401633958,1
121528,61,0.809478768562095,1
121610,72,0.718126829905177,2
121681,52,0.860687346123926,1
121732,51,0.419718571472809,1
121782,64,0.709759080982678,1
121874,82,0.728176268086098,1
121955,62,2.3538421004671e-08,2
122026,78,5.58256916795851e-08,2
122107,78,4.49615169237441e-08,1
122186,77,7.56943101596242e-08,1
122262,50,2.04020923409115e-08,1
122343,104,7.56943101596242e-08,2
122446,50,6.11775011130313e-09,2
122495,66,7.56943101596242e-08,1
122563,61,3.91846286072688e-08,1
122627,60,7.56943101596242e-08,2
122686,98,2.00839387114138e-08,2
122789,58,3.91846286072688e-08,1
122846,139,3.91846286072688e-08,2
123004,78,4.49615169237441e-08,2
123084,51,3.91846286072688e-08,1
123134,50,6.11775011130313e-09,2
123206,113,7.56943101596242e-08,2
123318,107,3.91846286072688e-08,2
123456,59,7.56943101596242e-08,1
123514,90,3.91846286072688e-08,1
123603,58,3.34363754170549e-09,1
123662,55,1.05259857381302e-07,2
123755,108,7.56943101596242e-08,1
123902,61,7.56943101596242e-08,1
123962,85,3.91846286072688e-08,1
124082,119,1.05259857381302e-07,2
124242,117,0.684437016043097,2
124358,89,0.916183134946169,1
124446,80,0.963282437932736,1
124525,80,0.968599121631569,1
124604,80,0.973968812119197,1
124683,77,0.970613342283014,1
124759,77,0.9749800277193,1
124835,75,0.975248112906055,1
124909,72,0.964379931520459,1
124980,74,0.973347314237692,1
125053,75,0.978263873631056,1
125127,75,0.980962022209084,1
125201,75,0.980213824994036,1
125275,75,0.979126996542854,1
125349,75,0.97382172799804,1
125423,76,0.982724477902388,1
125498,76,0.979768309519475,1
125573,76,0.98139670716782,1
125648,74,0.962786069203217,1
125721,76,0.960608998044131,1
125796,78,0.971417020195831,1
125873,74,0.974679455177449,1
125946,77,0.964276391327223,1
126022,77,0.975984945857583,1
126098,76,0.979156845516155,1
126173,74,0.975899934042262,1
126246,75,0.979331017016413,1
126320,76,0.980152855096714,1
126395,76,0.981101427484535,1
126470,77,0.973029817751782,1
126546,76,0.979400433976688,1
126621,76,0.979969996065061,1
126696,77,0.9829192500376,1
126772,76,0.979408343531599,1
126847,80,0.980585804265297,1
126926,74,0.978347005688978,1
126999,77,0.979757898470155,1
127075,76,0.985363255859398,1
127150,76,0.982504935169717,1
127225,78,0.983524875321441,1
127302,79,0.980645459333192,1
127380,76,0.977304539753623,1
127455,76,0.974901058667129,1
127530,75,0.97749237058633,1
127604,75,0.978759922097149,1
127678,78,0.978779087160302,1
127755,80,0.978343984164859,1
127834,77,0.981632905506831,1
127910,77,0.982830185205777,1
127986,78,0.972590346160715,1
128063,78,0.982021876240368,1
128140,77,0.980055047738316,1
128216,79,0.977983342160066,1
128294,80,0.978515408699103,1
128373,80,0.978458125252848,1
128452,80,0.974404069138209,1
128531,76,0.978180899404922,1
128606,79,0.970275611233124,1
128684,78,0.973748224083052,1
128761,75,0.976402533174424,1
128835,78,0.980908662287803,1
128912,75,0.977478274977903,1
128986,79,0.977645275641019,1
129064,79,0.976752624365199,1
129142,78,0.982342903482961,1
129219,78,0.976898444981713,1
129296,79,0.976237907271834,1
129374,78,0.971661312864292,1
129451,78,0.978085459869565,1
129528,78,0.977761755488408,1
129605,78,0.977544418766976,1
129682,78,0.97749930237883,1
129759,78,0.982029346426086,1
129836,79,0.979721690885109,1
129914,77,0.972079299077647,1
129990,81,0.978811743243161,1
130070,79,0.974114092126589,1
130148,76,0.971747235452874,1
130223,79,0.974850617096879,1
130301,80,0.974783132103773,1
130380,79,0.98010855970149,1
130458,77,0.977383040175839,1
130534,78,0.976927859415586,1
130611,78,0.973982711509327,1
130688,78,0.976736681953286,1
130765,77,0.976928590697773,1
130841,79,0.975366471701008,1
130919,78,0.978933901928997,1
130996,79,0.979453265663843,1
131074,79,0.978632970224294,1
131152,80,0.981456118326548,1
131231,80,0.973406052749894,1
131310,79,0.976919134173151,1
131388,79,0.97508756765682,1
131466,79,0.980575089817636,1
131544,79,0.983629598659732,1
131622,78,0.981080581405003,1
131699,78,0.979169793270009,1
131776,78,0.982954221299232,1
131853,77,0.974512797741823,1
131929,79,0.978734208240486,1
132007,78,0.97163465255025,1
132084,79,0.973051814377802,1
132162,79,0.977695319847953,1
132240,81,0.982640619212726,1
132320,79,0.978363200806377,1
132398,79,0.97812344027323,1
132476,81,0.969522792003788,1
132556,77,0.960526182357822,1
132632,78,0.970049362060674,1
132709,78,0.97795286354568,1
132786,78,0.980737822742757,1
132863,77,0.972303868299493,1
132939,77,0.97194932170661,1
133015,76,0.942235058995492,1
133090,80,0.969220338317259,1
133169,74,0.969764027212314,1
133242,77,0.977757191451206,1
133318,76,0.978869098146447,1
133393,75,0.978264224200757,1
133467,76,0.969435550206896,1
133542,74,0.972791694736213,1
133615,74,0.976555223851738,1
133688,74,0.977130346276936,1
133761,75,0.975064046779842,1
133835,76,0.981377846394028,1
133910,76,0.977377119801635,1
133985,77,0.978510230714329,1
134061,76,0.976534398063466,1
134136,77,0.97946765081572,1
134212,76,0.972775855309492,1
134287,76,0.977707910525748,1
134362,78,0.982949101480142,1
134439,78,0.976482170989064,1
134516,77,0.981180011953186,1
134592,77,0.979038404486535,1
134668,77,0.975025300412962,1
134744,78,0.977185619848731,1
134821,80,0.977920333664652,1
134900,79,0.978583749348074,1
134978,79,0.982823099202436,1
135056,77,0.976850620922038,1
135132,78,0.975828225635166,1
135209,78,0.983863867388156,1
135286,80,0.983832339835137,1
135365,80,0.97661199114752,1
135444,79,0.978665103195173,1
135522,80,0.976845449674681,1
135601,79,0.975906248755707,1
135679,79,0.9718758866742,1
135757,80,0.977157719037338,1
135836,78,0.97863843401437,1
135913,80,0.975604328580622,1
135992,80,0.979185049114886,1
136071,80,0.971366629658811,1
136150,80,0.976045855716815,1
136229,81,0.970296759000573,1
136309,81,0.969334308290148,1
136389,84,0.969166298664325,1
136472,90,0.964296951651466,1
136561,122,0.971116422093508,2
136682,124,0.977927990483871,2
136805,57,0.57353129064373,1
136861,54,0.875804974845228,1
136914,91,0.649498472705749,1
137029,89,0.754968410065807,2
137126,57,0.632526611155873,1
137182,78,0.811452919478669,1
137299,73,0.950946633774865,1
137374,124,0.920160870099094,2
137497,124,0.897148420369883,2
137620,87,0.873939871072436,1
137706,73,0.949861506048641,1
137778,72,0.955908611355885,1
137849,70,0.964331610192004,1
137918,71,0.959269014655891,1
137988,67,0.93144007756825,1
138054,69,0.960784659440336,1
138122,69,0.953356359090431,1
138190,67,0.941176940828766,1
138256,67,0.955066943725112,1
138322,68,0.959678221482692,1
138389,67,0.957874630084561,1
138455,69,0.971466290053171,1
138523,68,0.97011703795373,1
138590,68,0.951760630925777,1
138657,68,0.957173572645447,1
138724,67,0.96944237376526,1
138790,67,0.961798375779651,1
138856,69,0.960959055458206,1
138924,70,0.96659532310143,1
138993,68,0.95863492399056,1
139060,68,0.952926367382173,1
139127,66,0.963659027203312,1
139192,67,0.973243764679499,1
139258,69,0.95715190144805,1
139326,67,0.957300359367203,1
139392,69,0.963636754694306,1
139460,68,0.965282131312065,1
139527,69,0.960495196326964,1
139595,68,0.959896297418395,1
139662,70,0.964952124662441,1
139731,70,0.961092119829031,1
139800,69,0.970857829211697,1
139868,69,0.961458090830461,1
139936,69,0.960954653504636,1
140004,71,0.966002634406034,1
140074,69,0.968182285991847,1
140142,69,0.967065471478715,1
140210,70,0.959302472118828,1
140279,69,0.957099944703303,1
140347,70,0.96722440027324,1
140416,72,0.951159489714222,1
140487,70,0.963982662592668,1
140556,70,0.959819073201989,1
140625,71,0.958590503008025,1
140695,69,0.956505371283907,1
140763,70,0.934714761988996,1
140832,70,0.95534515120701,1
140901,68,0.965724628406034,1
140968,68,0.970243695297184,1
141035,71,0.975466514116612,1
141105,71,0.964967252097303,1
141175,70,0.96821828881819,1
141244,72,0.971838605919576,1
141315,72,0.969246612359318,1
141386,70,0.964873560897275,1
141455,71,0.968259645604832,1
141525,69,0.959913581567432,1
141593,69,0.974089535717091,1
141661,70,0.960620188533588,1
141730,69,0.969848744732429,1
141798,71,0.970594669628057,1
141868,70,0.971877983587383,1
141937,73,0.967044310023579,1
142009,71,0.961902132298176,1
142079,72,0.969856356513558,1
142150,72,0.96838277527776,1
142221,71,0.969531827911476,1
142291,73,0.974084409644865,1
142363,72,0.972781105142313,1
142434,72,0.953866850748404,1
142505,72,0.970323157698181,1
142576,72,0.96916809210679,1
142647,71,0.968081828790853,1
142717,71,0.948475801822848,1
142787,72,0.970808499702811,1
142858,71,0.970671611869942,1
142928,72,0.969290911906024,1
142999,74,0.967515048665032,1
143072,75,0.974258856316917,1
143146,80,0.963326977769309,1
143225,87,0.963239370935713,1
143311,126,0.968952079754545,2
143436,132,0.979340802038671,2
143567,136,0.974384246005702,2
143702,128,0.927903083159528,2
143829,131,0.973881682636368,2
143959,141,0.886763307272117,2
144115,68,0.561324444854649,1
144182,97,0.727625766764765,1
144323,89,0.807400498017673,1
144435,70,0.754935618888164,1
144504,50,0.517402292500684,2
144553,91,0.725988378877499,1
144652,114,0.667098253456588,1
144791,79,0.840803913267359,1
144919,53,0.6770812859802,1
144972,80,0.769750468491989,2
145061,62,0.740117719682258,1
145122,50,0.847771131949161,1
145171,54,0.626795543832879,1
145251,61,4.69748348433673e-08,2
145311,93,7.78385100689875e-08,1
145429,90,0.598986828686758,2
145544,66,0.89295183661502,2
145646,93,0.770340947283991,2
145738,111,0.611726021630764,1
145848,115,0.944729303249457,2
145962,117,0.97396166722024,2
146078,116,0.971008264453541,2
146193,111,0.971160424842383,2
146303,114,0.971474870486136,2
146416,113,0.954564901271437,2
146528,118,0.976517545218446,2
146645,122,0.977053722797145,2
146766,116,0.963960296768179,2
146881,119,0.97417494548888,2
146999,121,0.974676636142072,2
147119,115,0.975974197585511,2
147233,114,0.971239473152711,2
147346,114,0.971961093490055,2
147459,114,0.972382210588858,2
147572,114,0.971730696092027,2
147685,117,0.970805306996557,2
147801,110,0.974293376196707,2
147910,115,0.970448488791686,2
148024,113,0.967445715479791,2
148136,114,0.970558971692342,2
148249,115,0.972492341596048,2
148363,117,0.973723590387533,2
148479,113,0.965024646297083,2
148591,118,0.976451960262383,2
148708,116,0.97368193333587,2
148823,117,0.974817080620302,2
148939,116,0.970053084443214,2
149054,114,0.972492483374537,2
149167,121,0.975963345511571,2
149287,124,0.976195546121602,2
149410,121,0.944817276834097,2
149555,70,0.866989637814086,1
149624,99,0.802273516820472,2
149752,55,0.81469682987909,1
149806,68,0.517700808887213,1
149873,59,0.80316444536975,1
149931,61,0.46706732997818,1
